Date,Title,View Count
2023-09-09,Breaking: Atlassian Announces Major Breakthrough in Tech A!,734876
2021-10-02,Atlassian Patent Hints at Next-Gen Tech A for Upcoming Software!,731794
2019-02-12,Rumor: Atlassian's Next Service to Feature Innovation B Never Seen Before!,888133
2020-01-04,Atlassian to Launch Software with Revolutionary Feature B!,296729
2019-06-02,Atlassian to Launch Product with Revolutionary Feature E!,552378
2020-07-09,Controversy: Atlassian Faces Backlash Over Issue B in Latest Service!,679463
2022-06-04,Atlassian to Launch Service with Revolutionary Feature E!,869128
2019-12-25,Leaked: Atlassian's Secret Project Project Alpha Set to Change the Tech World!,55291
2022-01-02,Breaking: Atlassian Announces Major Breakthrough in Tech C!,995822
2019-10-18,Leaked: Atlassian's Secret Project Project Alpha Set to Change the Tech World!,973297
2021-09-29,Atlassian's CEO Reveals Future Plans for Initiative A!,376364
2023-05-17,Rumor: Atlassian's Next Technology to Feature Innovation C Never Seen Before!,814777
2019-04-20,Leaked: Atlassian's Secret Project Project X Set to Change the Tech World!,641026
2020-09-05,Report: Atlassian to Enter Market B Market with Groundbreaking Product!,414232
2023-08-25,Controversy: Atlassian Faces Backlash Over Issue A in Latest Software!,269631
2021-06-29,Exclusive: Inside Look at Atlassian's Upcoming Technology!,511352
2023-01-28,Atlassian to Launch Software with Revolutionary Feature D!,342101
2021-08-06,Leaked: Atlassian's Secret Project Project Y Set to Change the Tech World!,336931
2023-08-13,Atlassian's CEO Reveals Future Plans for Initiative E!,609968
2019-05-02,Leaked: Atlassian's Secret Project Project Beta Set to Change the Tech World!,393397
2020-05-09,Atlassian to Launch Service with Revolutionary Feature B!,822291
2020-09-21,Controversy: Atlassian Faces Backlash Over Issue D in Latest Technology!,683657
2019-04-05,Controversy: Atlassian Faces Backlash Over Issue E in Latest Product!,589279
2022-11-30,Controversy: Atlassian Faces Backlash Over Issue A in Latest Software!,478765
2023-05-08,Report: Atlassian to Enter Market E Market with Groundbreaking Product!,916891
2020-04-24,Rumor: Atlassian's Next Hardware to Feature Innovation E Never Seen Before!,531884
2023-04-12,Breaking: Atlassian Announces Major Breakthrough in Tech E!,42751
2021-03-28,Exclusive: Inside Look at Atlassian's Upcoming Software!,269286
2019-11-19,Atlassian's CEO Reveals Future Plans for Initiative A!,235308
2022-07-14,Leaked: Atlassian's Secret Project Project Z Set to Change the Tech World!,609458
2022-05-05,Atlassian Patent Hints at Next-Gen Tech C for Upcoming Technology!,360969
2021-04-04,"Atlassian's Product Sales Hit Record High, Surpassing 5 Billion Units!",814330
2022-12-30,Atlassian Patent Hints at Next-Gen Tech D for Upcoming Product!,992471
2022-03-11,Rumor: Atlassian's Next Software to Feature Innovation E Never Seen Before!,567394
2019-04-08,Atlassian's CEO Reveals Future Plans for Initiative E!,673221
2022-02-17,Breaking: Atlassian Announces Major Breakthrough in Tech A!,829162
2019-09-29,"Atlassian's Service Sales Hit Record High, Surpassing 5 Billion Units!",554466
2022-06-20,Exclusive: Inside Look at Atlassian's Upcoming Technology!,30220
2022-05-05,Report: Atlassian to Enter Market D Market with Groundbreaking Product!,286407
2021-04-12,Report: Atlassian to Enter Market C Market with Groundbreaking Product!,656863
2019-05-28,Exclusive: Inside Look at Atlassian's Upcoming Service!,484017
2020-12-15,Rumor: Atlassian's Next Product to Feature Innovation C Never Seen Before!,183493
2019-09-08,Exclusive: Inside Look at Atlassian's Upcoming Software!,397286
2020-10-25,Atlassian's CEO Reveals Future Plans for Initiative A!,187663
2023-12-02,Exclusive: Inside Look at Atlassian's Upcoming Product!,347315
2022-12-24,Breaking: Atlassian Announces Major Breakthrough in Tech A!,749927
2023-06-02,Atlassian's CEO Reveals Future Plans for Initiative A!,736743
2020-09-10,Breaking: Atlassian Announces Major Breakthrough in Tech B!,635895
2020-09-20,Atlassian Patent Hints at Next-Gen Tech A for Upcoming Service!,202222
2019-03-01,Report: Atlassian to Enter Market D Market with Groundbreaking Product!,668696
2021-04-30,"Atlassian's Technology Sales Hit Record High, Surpassing 1 Million Units!",93624
2020-03-19,Leaked: Atlassian's Secret Project Project Beta Set to Change the Tech World!,311381
2023-01-05,Leaked: Atlassian's Secret Project Project Y Set to Change the Tech World!,935390
2019-05-28,Breaking: Atlassian Announces Major Breakthrough in Tech E!,396270
2023-05-02,Rumor: Atlassian's Next Technology to Feature Innovation D Never Seen Before!,444190
2022-09-10,Exclusive: Inside Look at Atlassian's Upcoming Hardware!,315329
2022-07-03,Atlassian to Launch Hardware with Revolutionary Feature D!,941208
2019-08-07,Atlassian Patent Hints at Next-Gen Tech E for Upcoming Product!,541530
2019-04-25,Atlassian Patent Hints at Next-Gen Tech A for Upcoming Product!,294774
2023-11-21,"Atlassian's Software Sales Hit Record High, Surpassing 1 Million Units!",695741
2019-11-08,Report: Atlassian to Enter Market D Market with Groundbreaking Product!,572292
2022-11-28,Report: Atlassian to Enter Market C Market with Groundbreaking Product!,222520
2023-04-20,Atlassian Patent Hints at Next-Gen Tech E for Upcoming Technology!,465323
2023-09-21,Atlassian's CEO Reveals Future Plans for Initiative B!,182579
2019-12-18,Atlassian to Launch Service with Revolutionary Feature A!,821905
2020-10-30,Report: Atlassian to Enter Market A Market with Groundbreaking Product!,435470
2023-11-06,Exclusive: Inside Look at Atlassian's Upcoming Product!,348990
2020-01-29,Rumor: Atlassian's Next Product to Feature Innovation D Never Seen Before!,426592
2019-09-10,Breaking: Atlassian Announces Major Breakthrough in Tech E!,457544
2023-08-25,Exclusive: Inside Look at Atlassian's Upcoming Software!,173492
2021-02-01,Controversy: Atlassian Faces Backlash Over Issue B in Latest Hardware!,875552
2022-04-25,Atlassian Patent Hints at Next-Gen Tech E for Upcoming Hardware!,341780
2023-07-23,"Atlassian's Software Sales Hit Record High, Surpassing 1 Billion Units!",241417
2021-01-01,Exclusive: Inside Look at Atlassian's Upcoming Software!,451159
2022-04-29,Atlassian Patent Hints at Next-Gen Tech A for Upcoming Technology!,891065
2022-05-06,Atlassian's CEO Reveals Future Plans for Initiative C!,250500
2022-01-20,Atlassian Patent Hints at Next-Gen Tech B for Upcoming Product!,731329
2020-01-03,Breaking: Atlassian Announces Major Breakthrough in Tech B!,943397
2023-05-12,Controversy: Atlassian Faces Backlash Over Issue B in Latest Software!,648990
2022-12-02,Atlassian's CEO Reveals Future Plans for Initiative D!,624945
2019-08-31,Exclusive: Inside Look at Atlassian's Upcoming Software!,494600
2021-12-28,Breaking: Atlassian Announces Major Breakthrough in Tech B!,725311
2021-07-10,Atlassian Patent Hints at Next-Gen Tech A for Upcoming Hardware!,839485
2020-09-03,Atlassian's CEO Reveals Future Plans for Initiative C!,517171
2022-06-17,Controversy: Atlassian Faces Backlash Over Issue D in Latest Product!,399465
2020-10-24,Report: Atlassian to Enter Market C Market with Groundbreaking Product!,739285
2022-03-14,Controversy: Atlassian Faces Backlash Over Issue C in Latest Software!,433144
2022-11-14,"Atlassian's Software Sales Hit Record High, Surpassing 1 Billion Units!",812320
2022-07-13,Controversy: Atlassian Faces Backlash Over Issue C in Latest Software!,437246
2019-04-06,Atlassian's CEO Reveals Future Plans for Initiative B!,253043
2019-02-01,"Atlassian's Product Sales Hit Record High, Surpassing 1 Million Units!",505348
2020-05-30,Atlassian's CEO Reveals Future Plans for Initiative B!,97635
2021-01-21,Atlassian's CEO Reveals Future Plans for Initiative D!,351591
2021-11-16,Atlassian Patent Hints at Next-Gen Tech C for Upcoming Technology!,139416
2023-10-31,Atlassian Patent Hints at Next-Gen Tech E for Upcoming Technology!,279301
2019-09-30,Atlassian Patent Hints at Next-Gen Tech E for Upcoming Service!,3837
2023-04-15,Report: Atlassian to Enter Market B Market with Groundbreaking Product!,117541
2021-08-24,Atlassian to Launch Technology with Revolutionary Feature D!,425045
2020-06-13,Atlassian's CEO Reveals Future Plans for Initiative C!,663428
2020-07-06,Report: Atlassian to Enter Market A Market with Groundbreaking Product!,102169
2019-10-17,Atlassian to Launch Technology with Revolutionary Feature B!,721253
2023-08-02,"Atlassian's Technology Sales Hit Record High, Surpassing 100 Million Units!",185141
2019-03-12,Exclusive: Inside Look at Atlassian's Upcoming Service!,502123
2020-11-29,Rumor: Atlassian's Next Software to Feature Innovation A Never Seen Before!,101774
2019-08-12,Leaked: Atlassian's Secret Project Project Y Set to Change the Tech World!,224757
2019-01-18,Exclusive: Inside Look at Atlassian's Upcoming Service!,415219
2022-04-07,Breaking: Atlassian Announces Major Breakthrough in Tech A!,346240
2022-04-20,Atlassian Patent Hints at Next-Gen Tech A for Upcoming Product!,663045
2021-05-06,Atlassian's CEO Reveals Future Plans for Initiative E!,773265
2020-07-01,"Atlassian's Hardware Sales Hit Record High, Surpassing 5 Billion Units!",974351
2019-02-09,Controversy: Atlassian Faces Backlash Over Issue C in Latest Hardware!,662467
2019-03-30,Exclusive: Inside Look at Atlassian's Upcoming Software!,223192
2023-07-25,Atlassian's CEO Reveals Future Plans for Initiative D!,784532
2021-11-21,Atlassian's CEO Reveals Future Plans for Initiative B!,86733
2021-10-29,"Atlassian's Product Sales Hit Record High, Surpassing 1 Billion Units!",789347
2021-10-04,Controversy: Atlassian Faces Backlash Over Issue B in Latest Software!,389755
2022-11-30,Atlassian's CEO Reveals Future Plans for Initiative B!,687276
2023-11-28,Exclusive: Inside Look at Atlassian's Upcoming Hardware!,608229
2022-09-06,Rumor: Atlassian's Next Product to Feature Innovation B Never Seen Before!,338354
2022-08-24,Controversy: Atlassian Faces Backlash Over Issue E in Latest Service!,863777
2020-09-22,Controversy: Atlassian Faces Backlash Over Issue A in Latest Software!,427579
2023-07-28,Rumor: Atlassian's Next Service to Feature Innovation D Never Seen Before!,8242
2020-07-18,Exclusive: Inside Look at Atlassian's Upcoming Product!,585364
2021-07-05,Exclusive: Inside Look at Atlassian's Upcoming Technology!,916126
2023-09-04,Leaked: Atlassian's Secret Project Project Z Set to Change the Tech World!,447955
2020-11-18,Report: Atlassian to Enter Market C Market with Groundbreaking Product!,966260
2020-02-23,Breaking: Atlassian Announces Major Breakthrough in Tech B!,530703
2021-02-23,Atlassian's CEO Reveals Future Plans for Initiative C!,166489
2020-10-24,Atlassian Patent Hints at Next-Gen Tech C for Upcoming Software!,565783
2022-12-20,Breaking: Atlassian Announces Major Breakthrough in Tech A!,330527
2023-11-13,Rumor: Atlassian's Next Software to Feature Innovation E Never Seen Before!,389326
2019-03-03,Atlassian's CEO Reveals Future Plans for Initiative D!,437389
2020-10-14,Leaked: Atlassian's Secret Project Project X Set to Change the Tech World!,485275
2022-03-06,Breaking: Atlassian Announces Major Breakthrough in Tech A!,880479
2023-08-18,Exclusive: Inside Look at Atlassian's Upcoming Service!,784971
2022-12-22,"Atlassian's Service Sales Hit Record High, Surpassing 10 Million Units!",521369
2023-02-05,"Atlassian's Service Sales Hit Record High, Surpassing 100 Million Units!",147063
2019-08-06,Exclusive: Inside Look at Atlassian's Upcoming Service!,725238
2019-01-15,"Atlassian's Service Sales Hit Record High, Surpassing 5 Billion Units!",712246
2023-09-13,Exclusive: Inside Look at Atlassian's Upcoming Software!,555507
2023-09-28,Report: Atlassian to Enter Market A Market with Groundbreaking Product!,310327
2022-03-11,Atlassian's CEO Reveals Future Plans for Initiative C!,47927
2020-01-24,Rumor: Atlassian's Next Software to Feature Innovation C Never Seen Before!,239064
2020-07-31,Report: Atlassian to Enter Market A Market with Groundbreaking Product!,614247
2022-01-18,Leaked: Atlassian's Secret Project Project Alpha Set to Change the Tech World!,681518
2020-02-29,"Atlassian's Technology Sales Hit Record High, Surpassing 100 Million Units!",265855
2021-04-22,Breaking: Atlassian Announces Major Breakthrough in Tech C!,194332
2019-09-03,Leaked: Atlassian's Secret Project Project Y Set to Change the Tech World!,799679
2023-12-08,Rumor: Atlassian's Next Product to Feature Innovation B Never Seen Before!,188538
2021-07-09,Rumor: Atlassian's Next Technology to Feature Innovation B Never Seen Before!,156982
2019-07-01,Exclusive: Inside Look at Atlassian's Upcoming Product!,377039
2022-07-14,Atlassian's CEO Reveals Future Plans for Initiative E!,267420
2019-10-08,Breaking: Atlassian Announces Major Breakthrough in Tech C!,764396
2021-04-10,Rumor: Atlassian's Next Product to Feature Innovation A Never Seen Before!,340508
2019-07-06,Exclusive: Inside Look at Atlassian's Upcoming Hardware!,561215
2021-10-02,Exclusive: Inside Look at Atlassian's Upcoming Product!,282684
2019-12-28,Exclusive: Inside Look at Atlassian's Upcoming Software!,15714
2022-10-08,Controversy: Atlassian Faces Backlash Over Issue C in Latest Hardware!,365582
2023-02-23,"Atlassian's Software Sales Hit Record High, Surpassing 1 Million Units!",838939
2023-10-13,Atlassian Patent Hints at Next-Gen Tech B for Upcoming Service!,820737
2020-11-29,Atlassian Patent Hints at Next-Gen Tech B for Upcoming Service!,807041
2021-02-26,"Atlassian's Hardware Sales Hit Record High, Surpassing 100 Million Units!",65925
2023-09-24,Rumor: Atlassian's Next Hardware to Feature Innovation C Never Seen Before!,269639
2021-11-08,Breaking: Atlassian Announces Major Breakthrough in Tech A!,676691
2021-08-14,Report: Atlassian to Enter Market C Market with Groundbreaking Product!,548643
2020-08-28,Atlassian Patent Hints at Next-Gen Tech D for Upcoming Service!,914706
2021-07-20,Controversy: Atlassian Faces Backlash Over Issue C in Latest Hardware!,766261
2021-01-05,Rumor: Atlassian's Next Technology to Feature Innovation D Never Seen Before!,635435
2019-09-17,Atlassian Patent Hints at Next-Gen Tech E for Upcoming Service!,919496
2022-04-28,Atlassian to Launch Hardware with Revolutionary Feature A!,979545
2021-04-25,Breaking: Atlassian Announces Major Breakthrough in Tech E!,507702
2019-09-07,Rumor: Atlassian's Next Software to Feature Innovation D Never Seen Before!,659806
2023-10-12,Atlassian's CEO Reveals Future Plans for Initiative D!,657452
2020-02-15,Leaked: Atlassian's Secret Project Project Y Set to Change the Tech World!,930352
2019-01-02,Controversy: Atlassian Faces Backlash Over Issue E in Latest Product!,391720
2019-03-16,"Atlassian's Service Sales Hit Record High, Surpassing 10 Million Units!",216358
2021-02-25,Leaked: Atlassian's Secret Project Project Beta Set to Change the Tech World!,976856
2021-01-27,Atlassian's CEO Reveals Future Plans for Initiative C!,221860
2020-07-12,Breaking: Atlassian Announces Major Breakthrough in Tech D!,737367
2022-03-30,Leaked: Atlassian's Secret Project Project X Set to Change the Tech World!,473214
2020-02-25,Exclusive: Inside Look at Atlassian's Upcoming Product!,487634
2021-11-17,Atlassian Patent Hints at Next-Gen Tech B for Upcoming Service!,767441
2023-07-05,Controversy: Atlassian Faces Backlash Over Issue B in Latest Service!,212031
2021-08-25,Controversy: Atlassian Faces Backlash Over Issue A in Latest Service!,357076
2020-02-18,Atlassian Patent Hints at Next-Gen Tech E for Upcoming Service!,606548
2023-04-11,Leaked: Atlassian's Secret Project Project Alpha Set to Change the Tech World!,780485
2023-01-02,Report: Atlassian to Enter Market E Market with Groundbreaking Product!,563666
2022-11-29,Rumor: Atlassian's Next Software to Feature Innovation E Never Seen Before!,951864
2020-01-01,Leaked: Atlassian's Secret Project Project Alpha Set to Change the Tech World!,559545
2022-05-19,Report: Atlassian to Enter Market A Market with Groundbreaking Product!,579635
2019-06-24,Report: Atlassian to Enter Market B Market with Groundbreaking Product!,207249
2020-12-10,Controversy: Atlassian Faces Backlash Over Issue E in Latest Software!,115614
2019-03-08,Rumor: Atlassian's Next Software to Feature Innovation A Never Seen Before!,650850
2023-08-23,Breaking: Atlassian Announces Major Breakthrough in Tech A!,332283
2023-03-29,"Atlassian's Software Sales Hit Record High, Surpassing 5 Billion Units!",17694
2020-03-19,Atlassian Patent Hints at Next-Gen Tech B for Upcoming Service!,145515
2022-11-25,Leaked: Atlassian's Secret Project Project Alpha Set to Change the Tech World!,641665
2022-09-06,Breaking: Atlassian Announces Major Breakthrough in Tech D!,746059
2022-07-10,Atlassian to Launch Hardware with Revolutionary Feature B!,972232
2023-03-17,Report: Atlassian to Enter Market D Market with Groundbreaking Product!,481965
2021-12-16,Atlassian to Launch Hardware with Revolutionary Feature E!,64137
2023-03-07,Atlassian's CEO Reveals Future Plans for Initiative D!,781043
2020-10-05,Atlassian Patent Hints at Next-Gen Tech B for Upcoming Technology!,626661
2022-08-21,Atlassian Patent Hints at Next-Gen Tech B for Upcoming Technology!,861201
2023-10-13,Exclusive: Inside Look at Atlassian's Upcoming Hardware!,884804
2019-07-20,"Atlassian's Software Sales Hit Record High, Surpassing 100 Million Units!",958085
2021-06-12,Leaked: Atlassian's Secret Project Project Alpha Set to Change the Tech World!,485620
2019-04-15,Atlassian's CEO Reveals Future Plans for Initiative E!,999037
2022-06-11,Controversy: Atlassian Faces Backlash Over Issue B in Latest Service!,497700
2019-08-24,Atlassian's CEO Reveals Future Plans for Initiative E!,369540
2020-10-19,Atlassian to Launch Software with Revolutionary Feature C!,570998
2019-02-27,Exclusive: Inside Look at Atlassian's Upcoming Service!,57672
2020-11-18,"Atlassian's Technology Sales Hit Record High, Surpassing 5 Billion Units!",573336
2021-08-26,Report: Atlassian to Enter Market E Market with Groundbreaking Product!,428131
2022-01-05,Atlassian's CEO Reveals Future Plans for Initiative D!,589354
2019-05-11,Exclusive: Inside Look at Atlassian's Upcoming Technology!,735203
2020-07-24,Rumor: Atlassian's Next Hardware to Feature Innovation B Never Seen Before!,64324
2023-06-17,Breaking: Atlassian Announces Major Breakthrough in Tech C!,709856
2021-03-21,Rumor: Atlassian's Next Product to Feature Innovation A Never Seen Before!,849777
2020-05-02,Controversy: Atlassian Faces Backlash Over Issue B in Latest Service!,476361
2020-03-15,Exclusive: Inside Look at Atlassian's Upcoming Software!,91469
2021-09-25,Exclusive: Inside Look at Atlassian's Upcoming Software!,827328
2021-08-11,Exclusive: Inside Look at Atlassian's Upcoming Software!,136185
2019-05-02,Atlassian to Launch Product with Revolutionary Feature A!,700669
2023-09-06,Leaked: Atlassian's Secret Project Project Alpha Set to Change the Tech World!,810799
2023-01-29,Controversy: Atlassian Faces Backlash Over Issue D in Latest Service!,872960
2020-02-17,Leaked: Atlassian's Secret Project Project Beta Set to Change the Tech World!,152893
2022-03-11,Controversy: Atlassian Faces Backlash Over Issue D in Latest Service!,509705
2021-09-02,Leaked: Atlassian's Secret Project Project Beta Set to Change the Tech World!,294631
2022-05-15,Leaked: Atlassian's Secret Project Project Alpha Set to Change the Tech World!,740655
2023-07-19,Controversy: Atlassian Faces Backlash Over Issue E in Latest Technology!,81665
2019-01-10,Atlassian Patent Hints at Next-Gen Tech E for Upcoming Product!,986134
2020-02-06,Atlassian Patent Hints at Next-Gen Tech B for Upcoming Technology!,88501
2022-05-20,Atlassian to Launch Software with Revolutionary Feature E!,609784
2021-08-24,Report: Atlassian to Enter Market C Market with Groundbreaking Product!,682850
2021-02-07,Breaking: Atlassian Announces Major Breakthrough in Tech E!,992842
2021-02-28,Rumor: Atlassian's Next Hardware to Feature Innovation A Never Seen Before!,701870
2023-11-03,Leaked: Atlassian's Secret Project Project Y Set to Change the Tech World!,169877
2021-09-14,"Atlassian's Service Sales Hit Record High, Surpassing 100 Million Units!",462789
2019-10-16,Breaking: Atlassian Announces Major Breakthrough in Tech B!,309897
2023-09-21,Atlassian Patent Hints at Next-Gen Tech A for Upcoming Product!,949774
2020-04-30,Exclusive: Inside Look at Atlassian's Upcoming Software!,600512
2023-08-30,Leaked: Atlassian's Secret Project Project Z Set to Change the Tech World!,738453
2022-03-10,Breaking: Atlassian Announces Major Breakthrough in Tech D!,940907
2021-01-04,Atlassian's CEO Reveals Future Plans for Initiative E!,996345
2022-01-22,"Atlassian's Product Sales Hit Record High, Surpassing 10 Million Units!",682083
2022-07-01,Breaking: Atlassian Announces Major Breakthrough in Tech A!,847358
2022-07-11,Atlassian's CEO Reveals Future Plans for Initiative E!,563758
2020-06-18,Exclusive: Inside Look at Atlassian's Upcoming Product!,171630
2020-07-13,Leaked: Atlassian's Secret Project Project Alpha Set to Change the Tech World!,288408
2023-12-30,Leaked: Atlassian's Secret Project Project X Set to Change the Tech World!,662195
2019-02-17,Rumor: Atlassian's Next Hardware to Feature Innovation B Never Seen Before!,590286
2020-12-12,Breaking: Atlassian Announces Major Breakthrough in Tech B!,979619
2022-02-11,Breaking: Atlassian Announces Major Breakthrough in Tech C!,254832
2021-11-22,Atlassian Patent Hints at Next-Gen Tech A for Upcoming Hardware!,188071
2023-05-31,Atlassian's CEO Reveals Future Plans for Initiative B!,313311
2021-07-06,Atlassian's CEO Reveals Future Plans for Initiative C!,63934
2021-04-01,Rumor: Atlassian's Next Software to Feature Innovation B Never Seen Before!,58065
2020-07-02,Controversy: Atlassian Faces Backlash Over Issue D in Latest Technology!,263901
2020-05-02,Report: Atlassian to Enter Market C Market with Groundbreaking Product!,664170
2021-04-20,Rumor: Atlassian's Next Hardware to Feature Innovation A Never Seen Before!,721808
2021-04-30,Atlassian Patent Hints at Next-Gen Tech E for Upcoming Technology!,26045
2020-06-12,Rumor: Atlassian's Next Hardware to Feature Innovation E Never Seen Before!,277090
2019-07-08,Atlassian's CEO Reveals Future Plans for Initiative D!,34853
2022-11-02,Report: Atlassian to Enter Market B Market with Groundbreaking Product!,600248
2021-09-30,Report: Atlassian to Enter Market A Market with Groundbreaking Product!,97310
2022-06-26,Report: Atlassian to Enter Market A Market with Groundbreaking Product!,313763
2020-03-14,"Atlassian's Software Sales Hit Record High, Surpassing 100 Million Units!",282299
2021-08-29,Atlassian's CEO Reveals Future Plans for Initiative A!,125121
2021-12-02,Report: Atlassian to Enter Market B Market with Groundbreaking Product!,430265
2019-01-20,Exclusive: Inside Look at Atlassian's Upcoming Service!,69831
2023-08-15,Breaking: Atlassian Announces Major Breakthrough in Tech B!,805854
2022-09-07,Exclusive: Inside Look at Atlassian's Upcoming Software!,496440
2022-05-02,Atlassian Patent Hints at Next-Gen Tech A for Upcoming Software!,762374
2021-07-10,Breaking: Atlassian Announces Major Breakthrough in Tech E!,5979
2020-09-20,Atlassian Patent Hints at Next-Gen Tech D for Upcoming Technology!,117046
2019-06-25,Exclusive: Inside Look at Atlassian's Upcoming Software!,453065
2023-02-17,Atlassian Patent Hints at Next-Gen Tech C for Upcoming Hardware!,286984
2021-11-28,Atlassian Patent Hints at Next-Gen Tech A for Upcoming Product!,17183
2020-05-02,Rumor: Atlassian's Next Hardware to Feature Innovation D Never Seen Before!,415478
2022-07-08,Breaking: Atlassian Announces Major Breakthrough in Tech A!,543374
2022-10-12,Atlassian's CEO Reveals Future Plans for Initiative C!,254470
2021-11-19,Controversy: Atlassian Faces Backlash Over Issue C in Latest Hardware!,722497
2021-08-27,Controversy: Atlassian Faces Backlash Over Issue C in Latest Hardware!,358420
2022-12-28,Exclusive: Inside Look at Atlassian's Upcoming Product!,450274
2019-03-09,Breaking: Atlassian Announces Major Breakthrough in Tech A!,428381
2019-05-24,Breaking: Atlassian Announces Major Breakthrough in Tech C!,47075
2019-08-25,Report: Atlassian to Enter Market D Market with Groundbreaking Product!,571478
2019-10-27,Rumor: Atlassian's Next Software to Feature Innovation B Never Seen Before!,285501
2023-04-25,Atlassian's CEO Reveals Future Plans for Initiative E!,560349
2020-12-30,Leaked: Atlassian's Secret Project Project Y Set to Change the Tech World!,668461
2023-04-04,Atlassian's CEO Reveals Future Plans for Initiative D!,913841
2023-04-08,Atlassian to Launch Technology with Revolutionary Feature B!,537918
2020-09-04,Exclusive: Inside Look at Atlassian's Upcoming Hardware!,152503
2023-11-19,Atlassian to Launch Product with Revolutionary Feature B!,965449
2019-03-15,Atlassian's CEO Reveals Future Plans for Initiative A!,210833
2023-02-06,Atlassian's CEO Reveals Future Plans for Initiative C!,857847
2023-07-12,Atlassian Patent Hints at Next-Gen Tech A for Upcoming Service!,689906
2022-09-10,Rumor: Atlassian's Next Software to Feature Innovation E Never Seen Before!,227995
2021-07-31,"Atlassian's Product Sales Hit Record High, Surpassing 5 Billion Units!",437989
2019-05-18,Leaked: Atlassian's Secret Project Project X Set to Change the Tech World!,944350
2023-01-29,Controversy: Atlassian Faces Backlash Over Issue B in Latest Technology!,416085
2019-02-25,Report: Atlassian to Enter Market D Market with Groundbreaking Product!,5308
2023-03-18,Rumor: Atlassian's Next Product to Feature Innovation E Never Seen Before!,736908
2020-01-02,Atlassian's CEO Reveals Future Plans for Initiative A!,522295
2020-08-28,Atlassian Patent Hints at Next-Gen Tech A for Upcoming Service!,772686
2019-09-29,Rumor: Atlassian's Next Product to Feature Innovation B Never Seen Before!,162242
2019-02-06,Leaked: Atlassian's Secret Project Project X Set to Change the Tech World!,455533
2021-03-27,Rumor: Atlassian's Next Service to Feature Innovation B Never Seen Before!,873499
2022-02-14,Atlassian Patent Hints at Next-Gen Tech D for Upcoming Technology!,231355
2022-08-10,Exclusive: Inside Look at Atlassian's Upcoming Software!,95310
2019-10-10,Atlassian Patent Hints at Next-Gen Tech B for Upcoming Software!,396020
2021-06-05,Atlassian Patent Hints at Next-Gen Tech E for Upcoming Service!,764080
2023-09-09,Rumor: Atlassian's Next Software to Feature Innovation D Never Seen Before!,854365
2020-07-07,Report: Atlassian to Enter Market B Market with Groundbreaking Product!,125795
2023-10-30,"Atlassian's Hardware Sales Hit Record High, Surpassing 5 Billion Units!",792722
2022-07-20,Rumor: Atlassian's Next Hardware to Feature Innovation B Never Seen Before!,262855
2020-05-28,Atlassian's CEO Reveals Future Plans for Initiative E!,528455
2023-08-09,Exclusive: Inside Look at Atlassian's Upcoming Product!,582340
2019-10-08,Atlassian to Launch Product with Revolutionary Feature C!,990053
2022-05-04,Atlassian's CEO Reveals Future Plans for Initiative A!,74399
2021-08-28,Atlassian Patent Hints at Next-Gen Tech A for Upcoming Software!,994732
2019-03-09,"Atlassian's Software Sales Hit Record High, Surpassing 1 Million Units!",699463
2023-03-30,Rumor: Atlassian's Next Product to Feature Innovation B Never Seen Before!,591928
2022-06-10,Report: Atlassian to Enter Market C Market with Groundbreaking Product!,609929
2023-12-10,Exclusive: Inside Look at Atlassian's Upcoming Hardware!,286539
2023-06-18,Controversy: Atlassian Faces Backlash Over Issue A in Latest Hardware!,867626
2022-01-02,Atlassian's CEO Reveals Future Plans for Initiative C!,358876
2023-12-02,Leaked: Atlassian's Secret Project Project Alpha Set to Change the Tech World!,571127
2019-08-17,Controversy: Atlassian Faces Backlash Over Issue C in Latest Service!,197388
2019-11-15,Report: Atlassian to Enter Market E Market with Groundbreaking Product!,831947
2023-06-20,"Atlassian's Service Sales Hit Record High, Surpassing 100 Million Units!",161047
2020-03-09,Exclusive: Inside Look at Atlassian's Upcoming Hardware!,320441
2023-08-16,Leaked: Atlassian's Secret Project Project X Set to Change the Tech World!,243119
2021-02-10,Atlassian Patent Hints at Next-Gen Tech E for Upcoming Hardware!,85009
2022-12-21,Breaking: Atlassian Announces Major Breakthrough in Tech B!,406864
2021-05-08,Report: Atlassian to Enter Market C Market with Groundbreaking Product!,61124
2021-09-30,Atlassian's CEO Reveals Future Plans for Initiative B!,651527
2019-01-22,Atlassian Patent Hints at Next-Gen Tech A for Upcoming Hardware!,7274
2020-05-06,Leaked: Atlassian's Secret Project Project Y Set to Change the Tech World!,30963
2022-01-11,Breaking: Atlassian Announces Major Breakthrough in Tech C!,72197
2020-02-09,Atlassian Patent Hints at Next-Gen Tech D for Upcoming Technology!,706657
2023-09-02,Atlassian's CEO Reveals Future Plans for Initiative C!,552250
2021-07-16,Atlassian to Launch Software with Revolutionary Feature C!,17100
2021-10-16,Report: Atlassian to Enter Market B Market with Groundbreaking Product!,113076
2021-01-17,Exclusive: Inside Look at Atlassian's Upcoming Service!,819948
2023-04-26,"Atlassian's Product Sales Hit Record High, Surpassing 5 Billion Units!",539571
2019-10-06,Breaking: Atlassian Announces Major Breakthrough in Tech C!,511604
2023-08-15,Atlassian's CEO Reveals Future Plans for Initiative A!,404405
2023-06-05,Leaked: Atlassian's Secret Project Project Z Set to Change the Tech World!,938214
2022-12-15,Rumor: Atlassian's Next Service to Feature Innovation B Never Seen Before!,369884
2022-11-21,"Atlassian's Technology Sales Hit Record High, Surpassing 10 Million Units!",280992
2020-06-27,Leaked: Atlassian's Secret Project Project Alpha Set to Change the Tech World!,344599
2019-08-10,Atlassian Patent Hints at Next-Gen Tech A for Upcoming Technology!,751459
2019-02-28,Breaking: Atlassian Announces Major Breakthrough in Tech C!,21721
2020-10-28,"Atlassian's Hardware Sales Hit Record High, Surpassing 1 Billion Units!",123380
2020-02-25,Breaking: Atlassian Announces Major Breakthrough in Tech B!,936172
2022-06-15,Atlassian's CEO Reveals Future Plans for Initiative D!,282745
2020-11-15,Atlassian Patent Hints at Next-Gen Tech B for Upcoming Technology!,828640
2022-09-15,Leaked: Atlassian's Secret Project Project Beta Set to Change the Tech World!,801614
2019-08-21,Controversy: Atlassian Faces Backlash Over Issue C in Latest Technology!,484218
2019-02-12,Atlassian Patent Hints at Next-Gen Tech B for Upcoming Software!,682010
2023-10-23,Controversy: Atlassian Faces Backlash Over Issue C in Latest Service!,694195
2023-05-10,Exclusive: Inside Look at Atlassian's Upcoming Product!,184253
2019-07-16,"Atlassian's Technology Sales Hit Record High, Surpassing 10 Million Units!",680057
2021-06-25,Atlassian Patent Hints at Next-Gen Tech C for Upcoming Product!,71895
2022-03-16,Breaking: Atlassian Announces Major Breakthrough in Tech C!,150744
2021-08-15,Report: Atlassian to Enter Market A Market with Groundbreaking Product!,668512
2023-08-13,Rumor: Atlassian's Next Hardware to Feature Innovation E Never Seen Before!,689019
2019-02-15,Controversy: Atlassian Faces Backlash Over Issue C in Latest Service!,393372
2021-05-31,Controversy: Atlassian Faces Backlash Over Issue A in Latest Product!,169613
2022-12-08,Atlassian Patent Hints at Next-Gen Tech B for Upcoming Software!,46296
2022-02-09,Leaked: Atlassian's Secret Project Project Z Set to Change the Tech World!,402754
2023-09-05,Breaking: Atlassian Announces Major Breakthrough in Tech A!,128831
2021-06-22,Breaking: Atlassian Announces Major Breakthrough in Tech E!,55298
2020-07-16,Exclusive: Inside Look at Atlassian's Upcoming Service!,159244
2019-08-17,Controversy: Atlassian Faces Backlash Over Issue C in Latest Software!,549097
2021-01-25,Atlassian Patent Hints at Next-Gen Tech D for Upcoming Technology!,505172
2023-10-19,Exclusive: Inside Look at Atlassian's Upcoming Technology!,753237
2023-08-03,Exclusive: Inside Look at Atlassian's Upcoming Product!,130490
2023-09-23,Report: Atlassian to Enter Market B Market with Groundbreaking Product!,359112
2019-10-05,Controversy: Atlassian Faces Backlash Over Issue E in Latest Hardware!,773920
2022-04-19,Atlassian to Launch Service with Revolutionary Feature E!,852647
2021-12-16,Atlassian's CEO Reveals Future Plans for Initiative C!,62958
2019-07-23,Leaked: Atlassian's Secret Project Project Alpha Set to Change the Tech World!,806968
2020-06-17,Exclusive: Inside Look at Atlassian's Upcoming Technology!,5893
2023-05-29,Atlassian's CEO Reveals Future Plans for Initiative E!,407902
2019-03-18,Report: Atlassian to Enter Market D Market with Groundbreaking Product!,362684
2021-11-23,Atlassian Patent Hints at Next-Gen Tech C for Upcoming Technology!,921290
2023-03-21,Breaking: Atlassian Announces Major Breakthrough in Tech B!,310894
2020-01-07,Exclusive: Inside Look at Atlassian's Upcoming Hardware!,174993
2020-10-19,Breaking: Atlassian Announces Major Breakthrough in Tech A!,885614
2021-07-28,Leaked: Atlassian's Secret Project Project Beta Set to Change the Tech World!,987788
2022-12-07,Report: Atlassian to Enter Market B Market with Groundbreaking Product!,479456
2021-06-14,Controversy: Atlassian Faces Backlash Over Issue E in Latest Software!,771649
2023-09-12,Rumor: Atlassian's Next Product to Feature Innovation A Never Seen Before!,765545
2022-07-17,Rumor: Atlassian's Next Software to Feature Innovation B Never Seen Before!,122546
2022-10-12,Atlassian to Launch Hardware with Revolutionary Feature C!,173067
2022-11-12,Breaking: Atlassian Announces Major Breakthrough in Tech B!,500646
2021-07-26,Breaking: Atlassian Announces Major Breakthrough in Tech D!,980938
2019-11-20,Atlassian Patent Hints at Next-Gen Tech D for Upcoming Product!,224840
2021-05-13,Atlassian Patent Hints at Next-Gen Tech D for Upcoming Technology!,959593
2023-08-21,Exclusive: Inside Look at Atlassian's Upcoming Hardware!,659805
2020-05-28,Rumor: Atlassian's Next Product to Feature Innovation C Never Seen Before!,687404
2023-03-02,Report: Atlassian to Enter Market E Market with Groundbreaking Product!,783135
2020-03-19,Controversy: Atlassian Faces Backlash Over Issue C in Latest Service!,494378
2023-03-17,Atlassian to Launch Product with Revolutionary Feature C!,618861
2020-01-31,"Atlassian's Hardware Sales Hit Record High, Surpassing 10 Million Units!",637381
2020-07-25,Atlassian Patent Hints at Next-Gen Tech E for Upcoming Service!,550189
2019-02-25,Atlassian to Launch Service with Revolutionary Feature C!,677079
2023-02-16,Report: Atlassian to Enter Market D Market with Groundbreaking Product!,260006
2021-06-29,Leaked: Atlassian's Secret Project Project Y Set to Change the Tech World!,617867
2020-04-10,Leaked: Atlassian's Secret Project Project Alpha Set to Change the Tech World!,17624
2022-02-26,Atlassian to Launch Product with Revolutionary Feature E!,648171
2023-04-04,"Atlassian's Product Sales Hit Record High, Surpassing 1 Million Units!",432112
2020-05-20,Leaked: Atlassian's Secret Project Project Beta Set to Change the Tech World!,151882
2023-06-21,Atlassian's CEO Reveals Future Plans for Initiative B!,132511
2023-11-26,"Atlassian's Product Sales Hit Record High, Surpassing 1 Million Units!",104230
2019-08-13,Breaking: Atlassian Announces Major Breakthrough in Tech A!,48004
2021-04-21,Breaking: Atlassian Announces Major Breakthrough in Tech D!,66056
2022-11-28,Breaking: Atlassian Announces Major Breakthrough in Tech C!,952206
2023-11-18,Leaked: Atlassian's Secret Project Project Z Set to Change the Tech World!,50502
2022-07-19,Atlassian Patent Hints at Next-Gen Tech A for Upcoming Software!,521361
2020-02-27,Breaking: Atlassian Announces Major Breakthrough in Tech A!,2273
2019-04-06,Atlassian's CEO Reveals Future Plans for Initiative A!,669658
2020-08-04,Leaked: Atlassian's Secret Project Project Alpha Set to Change the Tech World!,273693
2023-03-09,Leaked: Atlassian's Secret Project Project Beta Set to Change the Tech World!,217359
2020-10-08,Rumor: Atlassian's Next Hardware to Feature Innovation D Never Seen Before!,290631
2023-05-11,Controversy: Atlassian Faces Backlash Over Issue E in Latest Hardware!,710971
2022-07-11,Atlassian Patent Hints at Next-Gen Tech C for Upcoming Service!,206623
2022-05-09,Rumor: Atlassian's Next Product to Feature Innovation D Never Seen Before!,88235
2022-09-24,Leaked: Atlassian's Secret Project Project Beta Set to Change the Tech World!,675044
2021-12-21,Leaked: Atlassian's Secret Project Project X Set to Change the Tech World!,738200
2022-03-17,Breaking: Atlassian Announces Major Breakthrough in Tech E!,950870
2022-08-04,Atlassian's CEO Reveals Future Plans for Initiative A!,383071
2020-07-31,Atlassian Patent Hints at Next-Gen Tech B for Upcoming Hardware!,834066
2023-08-05,Breaking: Atlassian Announces Major Breakthrough in Tech E!,395353
2021-08-05,Breaking: Atlassian Announces Major Breakthrough in Tech B!,314068
2021-06-19,Atlassian to Launch Service with Revolutionary Feature E!,883513
2022-06-15,Atlassian to Launch Service with Revolutionary Feature E!,47347
2023-10-09,Exclusive: Inside Look at Atlassian's Upcoming Service!,611335
2022-03-18,Controversy: Atlassian Faces Backlash Over Issue C in Latest Hardware!,796202
2023-12-06,Report: Atlassian to Enter Market B Market with Groundbreaking Product!,32403
2021-09-26,Rumor: Atlassian's Next Product to Feature Innovation C Never Seen Before!,998968
2021-11-17,"Atlassian's Software Sales Hit Record High, Surpassing 1 Billion Units!",752325
2023-03-06,Atlassian to Launch Product with Revolutionary Feature E!,448598
2020-02-07,Controversy: Atlassian Faces Backlash Over Issue B in Latest Hardware!,783479
2022-02-01,Breaking: Atlassian Announces Major Breakthrough in Tech B!,3794
2023-05-27,Rumor: Atlassian's Next Product to Feature Innovation A Never Seen Before!,895315
2023-01-25,Controversy: Atlassian Faces Backlash Over Issue A in Latest Software!,70470
2019-02-01,Atlassian's CEO Reveals Future Plans for Initiative A!,261778
2021-12-31,"Atlassian's Software Sales Hit Record High, Surpassing 1 Billion Units!",275974
2020-04-18,Leaked: Atlassian's Secret Project Project X Set to Change the Tech World!,764833
2021-06-05,"Atlassian's Software Sales Hit Record High, Surpassing 100 Million Units!",537438
2019-09-24,Atlassian Patent Hints at Next-Gen Tech A for Upcoming Technology!,875097
2020-10-29,Exclusive: Inside Look at Atlassian's Upcoming Product!,501255
2019-07-04,Rumor: Atlassian's Next Service to Feature Innovation C Never Seen Before!,213220
2019-07-18,Rumor: Atlassian's Next Product to Feature Innovation A Never Seen Before!,874200
2021-09-13,Atlassian to Launch Service with Revolutionary Feature E!,417344
2020-07-21,Report: Atlassian to Enter Market B Market with Groundbreaking Product!,601861
2022-05-13,Atlassian Patent Hints at Next-Gen Tech A for Upcoming Hardware!,296345
2019-12-12,Leaked: Atlassian's Secret Project Project Z Set to Change the Tech World!,100378
2022-03-19,Atlassian to Launch Service with Revolutionary Feature E!,574446
2021-01-02,Atlassian's CEO Reveals Future Plans for Initiative B!,313059
2023-04-14,Report: Atlassian to Enter Market B Market with Groundbreaking Product!,867617
2022-06-09,Leaked: Atlassian's Secret Project Project Alpha Set to Change the Tech World!,750673
2020-11-14,Atlassian to Launch Product with Revolutionary Feature A!,788784
2023-06-01,Atlassian to Launch Technology with Revolutionary Feature B!,321881
2023-05-03,Atlassian to Launch Software with Revolutionary Feature E!,7497
2020-09-17,Controversy: Atlassian Faces Backlash Over Issue C in Latest Technology!,114814
2019-12-15,Rumor: Atlassian's Next Product to Feature Innovation E Never Seen Before!,422534
2021-04-04,"Atlassian's Technology Sales Hit Record High, Surpassing 5 Billion Units!",691984
2023-12-04,Report: Atlassian to Enter Market D Market with Groundbreaking Product!,334199
2019-08-07,Breaking: Atlassian Announces Major Breakthrough in Tech E!,741289
2021-10-01,Rumor: Atlassian's Next Hardware to Feature Innovation A Never Seen Before!,990935
2019-03-25,Atlassian to Launch Hardware with Revolutionary Feature B!,737005
2020-10-29,Atlassian to Launch Service with Revolutionary Feature D!,892818
2021-04-28,Atlassian to Launch Hardware with Revolutionary Feature B!,38386
2022-08-11,"Atlassian's Product Sales Hit Record High, Surpassing 10 Million Units!",720494
2021-03-09,Leaked: Atlassian's Secret Project Project Alpha Set to Change the Tech World!,253478
2021-11-29,Breaking: Atlassian Announces Major Breakthrough in Tech D!,827101
2020-04-13,Breaking: Atlassian Announces Major Breakthrough in Tech C!,442652
2020-03-28,Atlassian Patent Hints at Next-Gen Tech A for Upcoming Hardware!,691884
2023-10-03,Atlassian's CEO Reveals Future Plans for Initiative B!,817114
2022-08-01,Leaked: Atlassian's Secret Project Project Y Set to Change the Tech World!,597455
2022-05-21,Breaking: Atlassian Announces Major Breakthrough in Tech C!,819983
2019-07-31,Controversy: Atlassian Faces Backlash Over Issue C in Latest Product!,23368
2019-09-25,Report: Atlassian to Enter Market B Market with Groundbreaking Product!,36561
2020-02-14,Controversy: Atlassian Faces Backlash Over Issue C in Latest Product!,717091
2023-02-19,Exclusive: Inside Look at Atlassian's Upcoming Product!,437498
2023-10-25,Leaked: Atlassian's Secret Project Project Y Set to Change the Tech World!,650865
2022-09-08,Atlassian to Launch Product with Revolutionary Feature A!,41246
2023-03-29,Atlassian Patent Hints at Next-Gen Tech A for Upcoming Technology!,364702
2019-04-10,Leaked: Atlassian's Secret Project Project Alpha Set to Change the Tech World!,892013
2019-05-13,Rumor: Atlassian's Next Technology to Feature Innovation E Never Seen Before!,78317
2022-11-08,Breaking: Atlassian Announces Major Breakthrough in Tech A!,881665
2021-11-05,Atlassian's CEO Reveals Future Plans for Initiative E!,151729
2023-11-11,Atlassian's CEO Reveals Future Plans for Initiative B!,617687
2022-04-24,Atlassian Patent Hints at Next-Gen Tech D for Upcoming Product!,154397
2019-09-05,"Atlassian's Software Sales Hit Record High, Surpassing 10 Million Units!",567023
2021-10-26,"Atlassian's Product Sales Hit Record High, Surpassing 100 Million Units!",574222
2021-09-16,Exclusive: Inside Look at Atlassian's Upcoming Service!,22900
2020-11-30,Exclusive: Inside Look at Atlassian's Upcoming Hardware!,689082
2021-08-23,Leaked: Atlassian's Secret Project Project Beta Set to Change the Tech World!,742891
2021-11-20,Report: Atlassian to Enter Market E Market with Groundbreaking Product!,517070
2020-02-07,Atlassian to Launch Hardware with Revolutionary Feature A!,377856
2021-08-08,Leaked: Atlassian's Secret Project Project Y Set to Change the Tech World!,349287
2023-05-21,Leaked: Atlassian's Secret Project Project X Set to Change the Tech World!,290153
2022-06-03,Exclusive: Inside Look at Atlassian's Upcoming Software!,161764
2023-12-17,Report: Atlassian to Enter Market D Market with Groundbreaking Product!,121574
2022-02-13,"Atlassian's Hardware Sales Hit Record High, Surpassing 5 Billion Units!",37250
2023-04-20,Report: Atlassian to Enter Market A Market with Groundbreaking Product!,303224
2019-03-27,Leaked: Atlassian's Secret Project Project Z Set to Change the Tech World!,254783
2021-07-25,Report: Atlassian to Enter Market B Market with Groundbreaking Product!,21348
2022-04-10,Report: Atlassian to Enter Market C Market with Groundbreaking Product!,869733
2022-01-03,Atlassian's CEO Reveals Future Plans for Initiative A!,796632
2021-11-10,Atlassian Patent Hints at Next-Gen Tech E for Upcoming Technology!,884178
2021-12-28,Leaked: Atlassian's Secret Project Project X Set to Change the Tech World!,518662
2020-07-03,Atlassian Patent Hints at Next-Gen Tech B for Upcoming Software!,296531
2021-12-02,Leaked: Atlassian's Secret Project Project Beta Set to Change the Tech World!,799764
2023-08-10,Exclusive: Inside Look at Atlassian's Upcoming Product!,621164
2019-06-28,Report: Atlassian to Enter Market B Market with Groundbreaking Product!,811994
2019-03-24,Leaked: Atlassian's Secret Project Project Y Set to Change the Tech World!,181275
2019-10-15,Breaking: Atlassian Announces Major Breakthrough in Tech B!,947227
2023-05-07,Controversy: Atlassian Faces Backlash Over Issue C in Latest Product!,732652
2021-01-13,Rumor: Atlassian's Next Software to Feature Innovation C Never Seen Before!,976380
2019-10-26,Rumor: Atlassian's Next Service to Feature Innovation C Never Seen Before!,436968
2022-02-11,Exclusive: Inside Look at Atlassian's Upcoming Hardware!,320427
2022-11-13,Controversy: Atlassian Faces Backlash Over Issue A in Latest Hardware!,459642
2020-08-22,Report: Atlassian to Enter Market E Market with Groundbreaking Product!,139937
2023-08-28,Report: Atlassian to Enter Market B Market with Groundbreaking Product!,526001
2022-01-09,Breaking: Atlassian Announces Major Breakthrough in Tech A!,812174
2021-10-06,Atlassian's CEO Reveals Future Plans for Initiative C!,525625
2022-07-02,Rumor: Atlassian's Next Service to Feature Innovation D Never Seen Before!,11647
2021-01-03,Rumor: Atlassian's Next Hardware to Feature Innovation B Never Seen Before!,525393
2022-06-27,"Atlassian's Product Sales Hit Record High, Surpassing 100 Million Units!",224808
2022-12-11,Atlassian Patent Hints at Next-Gen Tech B for Upcoming Software!,616949
2023-05-18,"Atlassian's Technology Sales Hit Record High, Surpassing 1 Billion Units!",301131
2019-05-15,Atlassian to Launch Hardware with Revolutionary Feature C!,106603
2022-03-17,Atlassian Patent Hints at Next-Gen Tech A for Upcoming Service!,301749
2019-10-30,Breaking: Atlassian Announces Major Breakthrough in Tech C!,238849
2019-05-26,Leaked: Atlassian's Secret Project Project Beta Set to Change the Tech World!,750221
2021-10-24,Breaking: Atlassian Announces Major Breakthrough in Tech A!,78353
2020-08-21,Exclusive: Inside Look at Atlassian's Upcoming Technology!,66936
2022-02-23,Atlassian to Launch Software with Revolutionary Feature B!,665147
2022-02-08,Leaked: Atlassian's Secret Project Project Alpha Set to Change the Tech World!,99606
2019-01-15,Atlassian to Launch Technology with Revolutionary Feature D!,880767
2023-05-15,Atlassian Patent Hints at Next-Gen Tech E for Upcoming Technology!,111386
2019-03-01,Atlassian Patent Hints at Next-Gen Tech C for Upcoming Product!,143529
2019-05-27,Atlassian's CEO Reveals Future Plans for Initiative E!,919894
2023-09-13,Controversy: Atlassian Faces Backlash Over Issue C in Latest Software!,766919
2021-05-13,"Atlassian's Service Sales Hit Record High, Surpassing 100 Million Units!",806896
2019-05-11,Atlassian Patent Hints at Next-Gen Tech B for Upcoming Service!,289024
2021-03-09,Leaked: Atlassian's Secret Project Project Alpha Set to Change the Tech World!,404819
2019-07-05,Report: Atlassian to Enter Market C Market with Groundbreaking Product!,865347
2020-04-27,Leaked: Atlassian's Secret Project Project Y Set to Change the Tech World!,899567
2022-08-24,Report: Atlassian to Enter Market C Market with Groundbreaking Product!,297791
2021-01-13,Leaked: Atlassian's Secret Project Project Alpha Set to Change the Tech World!,511628
2019-01-30,Report: Atlassian to Enter Market C Market with Groundbreaking Product!,522596
2023-09-30,Controversy: Atlassian Faces Backlash Over Issue D in Latest Hardware!,606276
2022-12-08,"Atlassian's Hardware Sales Hit Record High, Surpassing 10 Million Units!",125603
2021-06-19,Atlassian Patent Hints at Next-Gen Tech B for Upcoming Hardware!,888113
2019-12-12,Report: Atlassian to Enter Market E Market with Groundbreaking Product!,432701
2019-06-29,"Atlassian's Service Sales Hit Record High, Surpassing 1 Million Units!",306153
2021-08-25,Controversy: Atlassian Faces Backlash Over Issue D in Latest Hardware!,443746
2022-09-14,Exclusive: Inside Look at Atlassian's Upcoming Hardware!,299884
2019-06-29,Controversy: Atlassian Faces Backlash Over Issue B in Latest Software!,130404
2021-02-19,Breaking: Atlassian Announces Major Breakthrough in Tech B!,530868
2023-04-03,Controversy: Atlassian Faces Backlash Over Issue E in Latest Product!,600580
2023-02-18,Exclusive: Inside Look at Atlassian's Upcoming Service!,764223
2020-05-15,Report: Atlassian to Enter Market C Market with Groundbreaking Product!,548329
2022-03-26,Atlassian Patent Hints at Next-Gen Tech A for Upcoming Software!,306094
2022-10-26,"Atlassian's Service Sales Hit Record High, Surpassing 1 Billion Units!",265761
2019-07-11,Report: Atlassian to Enter Market D Market with Groundbreaking Product!,495333
2022-01-20,Atlassian Patent Hints at Next-Gen Tech D for Upcoming Hardware!,682424
2023-03-13,Atlassian to Launch Software with Revolutionary Feature A!,615526
2021-03-25,Rumor: Atlassian's Next Hardware to Feature Innovation A Never Seen Before!,331501
2019-11-05,Exclusive: Inside Look at Atlassian's Upcoming Service!,728842
2022-07-21,Atlassian to Launch Technology with Revolutionary Feature C!,428522
2021-01-21,Report: Atlassian to Enter Market B Market with Groundbreaking Product!,224613
2021-08-18,Report: Atlassian to Enter Market E Market with Groundbreaking Product!,988266
2021-05-25,Atlassian Patent Hints at Next-Gen Tech D for Upcoming Product!,395067
2020-05-24,Exclusive: Inside Look at Atlassian's Upcoming Product!,930526
2021-03-07,Exclusive: Inside Look at Atlassian's Upcoming Service!,552993
2020-07-22,Controversy: Atlassian Faces Backlash Over Issue B in Latest Technology!,229651
2022-06-05,Atlassian to Launch Product with Revolutionary Feature C!,985652
2019-09-25,Breaking: Atlassian Announces Major Breakthrough in Tech C!,396546
2022-02-18,Controversy: Atlassian Faces Backlash Over Issue C in Latest Software!,399730
2020-08-12,Controversy: Atlassian Faces Backlash Over Issue A in Latest Service!,404565
2020-11-04,"Atlassian's Software Sales Hit Record High, Surpassing 10 Million Units!",21877
2021-05-06,Atlassian's CEO Reveals Future Plans for Initiative D!,349613
2022-01-20,Atlassian's CEO Reveals Future Plans for Initiative C!,305377
2023-04-27,Breaking: Atlassian Announces Major Breakthrough in Tech A!,166846
2019-11-20,Leaked: Atlassian's Secret Project Project X Set to Change the Tech World!,639628
2020-07-14,Atlassian's CEO Reveals Future Plans for Initiative E!,280511
2023-03-10,Atlassian's CEO Reveals Future Plans for Initiative B!,515306
2022-08-28,Controversy: Atlassian Faces Backlash Over Issue C in Latest Technology!,912864
2022-04-21,Report: Atlassian to Enter Market E Market with Groundbreaking Product!,532910
2023-02-18,Atlassian's CEO Reveals Future Plans for Initiative B!,776369
2020-05-01,Leaked: Atlassian's Secret Project Project Z Set to Change the Tech World!,32199
2019-04-12,Atlassian Patent Hints at Next-Gen Tech A for Upcoming Software!,151735
2022-06-08,Breaking: Atlassian Announces Major Breakthrough in Tech A!,199759
2020-04-11,Atlassian's CEO Reveals Future Plans for Initiative C!,395794
2022-06-19,Atlassian to Launch Service with Revolutionary Feature D!,884437
2019-02-03,Atlassian Patent Hints at Next-Gen Tech D for Upcoming Software!,5117
2020-03-03,Rumor: Atlassian's Next Software to Feature Innovation C Never Seen Before!,775454
2019-11-08,Leaked: Atlassian's Secret Project Project Beta Set to Change the Tech World!,917309
2020-11-24,Rumor: Atlassian's Next Product to Feature Innovation C Never Seen Before!,553541
2019-08-29,Atlassian to Launch Product with Revolutionary Feature A!,328281
2019-05-23,Breaking: Atlassian Announces Major Breakthrough in Tech A!,617486
2020-08-15,Controversy: Atlassian Faces Backlash Over Issue A in Latest Technology!,716390
2020-03-18,Breaking: Atlassian Announces Major Breakthrough in Tech B!,909558
2020-04-14,Controversy: Atlassian Faces Backlash Over Issue D in Latest Software!,101408
2022-06-18,Leaked: Atlassian's Secret Project Project Z Set to Change the Tech World!,436856
2019-05-30,Rumor: Atlassian's Next Product to Feature Innovation A Never Seen Before!,159690
2023-08-11,Atlassian's CEO Reveals Future Plans for Initiative B!,433391
2019-10-03,Exclusive: Inside Look at Atlassian's Upcoming Hardware!,646327
2021-10-30,Report: Atlassian to Enter Market C Market with Groundbreaking Product!,435784
2021-11-02,Controversy: Atlassian Faces Backlash Over Issue B in Latest Technology!,233600
2020-06-09,Atlassian Patent Hints at Next-Gen Tech D for Upcoming Service!,624759
2023-06-02,Exclusive: Inside Look at Atlassian's Upcoming Service!,126795
2023-05-17,"Atlassian's Hardware Sales Hit Record High, Surpassing 5 Billion Units!",571363
2023-03-31,Atlassian's CEO Reveals Future Plans for Initiative B!,977519
2022-07-02,Atlassian Patent Hints at Next-Gen Tech A for Upcoming Technology!,384133
2019-07-10,Leaked: Atlassian's Secret Project Project Y Set to Change the Tech World!,557471
2023-01-21,Atlassian to Launch Product with Revolutionary Feature C!,620630
2020-12-02,Controversy: Atlassian Faces Backlash Over Issue D in Latest Hardware!,454052
2019-04-08,Exclusive: Inside Look at Atlassian's Upcoming Product!,89723
2019-08-23,Breaking: Atlassian Announces Major Breakthrough in Tech D!,67015
2022-02-12,Rumor: Atlassian's Next Hardware to Feature Innovation A Never Seen Before!,683154
2023-07-10,"Atlassian's Hardware Sales Hit Record High, Surpassing 1 Million Units!",347637
2021-03-22,Atlassian's CEO Reveals Future Plans for Initiative C!,68301
2019-11-02,Rumor: Atlassian's Next Product to Feature Innovation E Never Seen Before!,132123
2022-10-22,Leaked: Atlassian's Secret Project Project Alpha Set to Change the Tech World!,430454
2019-12-12,Controversy: Atlassian Faces Backlash Over Issue B in Latest Product!,155793
2019-03-23,Report: Atlassian to Enter Market A Market with Groundbreaking Product!,593762
2023-02-26,Breaking: Atlassian Announces Major Breakthrough in Tech E!,615110
2022-11-14,Leaked: Atlassian's Secret Project Project Alpha Set to Change the Tech World!,290109
2023-09-24,Rumor: Atlassian's Next Hardware to Feature Innovation E Never Seen Before!,219766
2023-11-27,Atlassian to Launch Software with Revolutionary Feature E!,210129
2019-09-25,Breaking: Atlassian Announces Major Breakthrough in Tech A!,467363
2020-11-02,Report: Atlassian to Enter Market C Market with Groundbreaking Product!,772151
2020-05-14,"Atlassian's Technology Sales Hit Record High, Surpassing 100 Million Units!",324924
2023-05-29,Atlassian's CEO Reveals Future Plans for Initiative E!,969676
2019-07-05,Atlassian Patent Hints at Next-Gen Tech E for Upcoming Software!,173829
2021-08-31,Controversy: Atlassian Faces Backlash Over Issue A in Latest Software!,157624
2019-07-27,Atlassian Patent Hints at Next-Gen Tech D for Upcoming Software!,695245
2021-06-25,Leaked: Atlassian's Secret Project Project Z Set to Change the Tech World!,640171
2021-11-22,Atlassian's CEO Reveals Future Plans for Initiative A!,571911
2022-10-29,Controversy: Atlassian Faces Backlash Over Issue E in Latest Software!,592268
2019-03-19,Controversy: Atlassian Faces Backlash Over Issue C in Latest Hardware!,706273
2019-07-20,Rumor: Atlassian's Next Product to Feature Innovation C Never Seen Before!,334656
2019-01-02,Rumor: Atlassian's Next Hardware to Feature Innovation B Never Seen Before!,851014
2021-05-15,Controversy: Atlassian Faces Backlash Over Issue A in Latest Service!,663931
2022-04-22,Breaking: Atlassian Announces Major Breakthrough in Tech B!,36583
2019-01-01,Atlassian Patent Hints at Next-Gen Tech D for Upcoming Hardware!,867642
2022-06-08,Atlassian to Launch Service with Revolutionary Feature E!,930529
2019-11-07,Leaked: Atlassian's Secret Project Project X Set to Change the Tech World!,915846
2020-04-08,Atlassian Patent Hints at Next-Gen Tech D for Upcoming Technology!,158194
2023-08-09,Controversy: Atlassian Faces Backlash Over Issue C in Latest Product!,39062
2020-07-26,"Atlassian's Product Sales Hit Record High, Surpassing 100 Million Units!",70822
2020-10-15,Controversy: Atlassian Faces Backlash Over Issue B in Latest Hardware!,501776
2020-03-23,Leaked: Atlassian's Secret Project Project Beta Set to Change the Tech World!,745778
2020-02-13,Rumor: Atlassian's Next Hardware to Feature Innovation C Never Seen Before!,21893
2019-03-26,Report: Atlassian to Enter Market D Market with Groundbreaking Product!,341798
2019-06-15,Exclusive: Inside Look at Atlassian's Upcoming Hardware!,145785
2021-11-09,Controversy: Atlassian Faces Backlash Over Issue C in Latest Product!,781731
2022-07-07,Rumor: Atlassian's Next Technology to Feature Innovation A Never Seen Before!,974747
2019-12-20,Breaking: Atlassian Announces Major Breakthrough in Tech E!,160550
2022-11-26,Exclusive: Inside Look at Atlassian's Upcoming Hardware!,877280
2020-05-19,Rumor: Atlassian's Next Technology to Feature Innovation B Never Seen Before!,459328
2019-05-06,"Atlassian's Software Sales Hit Record High, Surpassing 5 Billion Units!",638246
2023-03-29,Atlassian to Launch Service with Revolutionary Feature D!,769743
2019-08-30,Report: Atlassian to Enter Market B Market with Groundbreaking Product!,549830
2022-04-02,Exclusive: Inside Look at Atlassian's Upcoming Software!,533236
2022-07-09,Breaking: Atlassian Announces Major Breakthrough in Tech E!,648374
2019-10-26,Rumor: Atlassian's Next Product to Feature Innovation B Never Seen Before!,254590
2020-02-08,Leaked: Atlassian's Secret Project Project X Set to Change the Tech World!,429681
2023-04-02,"Atlassian's Service Sales Hit Record High, Surpassing 1 Billion Units!",452963
2021-06-24,Atlassian to Launch Software with Revolutionary Feature A!,737386
2021-01-01,Atlassian's CEO Reveals Future Plans for Initiative D!,979049
2021-03-14,Atlassian Patent Hints at Next-Gen Tech C for Upcoming Software!,784762
2022-10-26,Exclusive: Inside Look at Atlassian's Upcoming Hardware!,14390
2020-05-23,Leaked: Atlassian's Secret Project Project Alpha Set to Change the Tech World!,588425
2022-06-05,Breaking: Atlassian Announces Major Breakthrough in Tech B!,313673
2020-03-26,Atlassian Patent Hints at Next-Gen Tech B for Upcoming Service!,244510
2020-02-07,Leaked: Atlassian's Secret Project Project Y Set to Change the Tech World!,949410
2019-06-08,Atlassian's CEO Reveals Future Plans for Initiative E!,34516
2022-08-06,Atlassian's CEO Reveals Future Plans for Initiative E!,681868
2020-06-22,Breaking: Atlassian Announces Major Breakthrough in Tech D!,82356
2020-04-15,"Atlassian's Service Sales Hit Record High, Surpassing 100 Million Units!",425132
2022-09-30,Atlassian Patent Hints at Next-Gen Tech D for Upcoming Software!,483834
2019-04-11,Controversy: Atlassian Faces Backlash Over Issue A in Latest Product!,435759
2021-02-04,Rumor: Atlassian's Next Technology to Feature Innovation B Never Seen Before!,77457
2019-08-09,Report: Atlassian to Enter Market D Market with Groundbreaking Product!,706285
2021-12-22,Rumor: Atlassian's Next Software to Feature Innovation D Never Seen Before!,728813
2019-02-16,Rumor: Atlassian's Next Product to Feature Innovation A Never Seen Before!,699067
2019-06-29,Breaking: Atlassian Announces Major Breakthrough in Tech D!,236159
2021-12-07,Leaked: Atlassian's Secret Project Project Beta Set to Change the Tech World!,571773
2021-12-16,Rumor: Atlassian's Next Technology to Feature Innovation D Never Seen Before!,72453
2023-03-10,Leaked: Atlassian's Secret Project Project Z Set to Change the Tech World!,271250
2022-09-21,Atlassian to Launch Hardware with Revolutionary Feature C!,302880
2020-09-27,Controversy: Atlassian Faces Backlash Over Issue B in Latest Product!,310550
2023-05-20,Controversy: Atlassian Faces Backlash Over Issue E in Latest Technology!,104775
2023-09-29,Atlassian's CEO Reveals Future Plans for Initiative E!,939528
2019-01-15,Controversy: Atlassian Faces Backlash Over Issue C in Latest Technology!,472634
2019-08-05,Atlassian to Launch Hardware with Revolutionary Feature B!,59688
2020-03-10,Atlassian's CEO Reveals Future Plans for Initiative C!,933679
2021-01-01,Controversy: Atlassian Faces Backlash Over Issue C in Latest Service!,639082
2023-04-24,Controversy: Atlassian Faces Backlash Over Issue C in Latest Hardware!,272576
2019-05-28,Atlassian Patent Hints at Next-Gen Tech D for Upcoming Product!,716895
2023-02-02,"Atlassian's Product Sales Hit Record High, Surpassing 10 Million Units!",854609
2023-08-23,Exclusive: Inside Look at Atlassian's Upcoming Technology!,936153
2020-09-04,Report: Atlassian to Enter Market A Market with Groundbreaking Product!,770427
2022-10-20,Exclusive: Inside Look at Atlassian's Upcoming Technology!,112299
2019-07-03,Atlassian Patent Hints at Next-Gen Tech B for Upcoming Hardware!,913114
2021-07-30,Atlassian to Launch Product with Revolutionary Feature B!,474754
2019-12-07,Atlassian's CEO Reveals Future Plans for Initiative B!,917558
2020-11-05,Controversy: Atlassian Faces Backlash Over Issue B in Latest Technology!,725491
2022-07-27,Leaked: Atlassian's Secret Project Project Y Set to Change the Tech World!,530541
2022-05-13,Controversy: Atlassian Faces Backlash Over Issue A in Latest Hardware!,74463
2021-01-05,Breaking: Atlassian Announces Major Breakthrough in Tech A!,862579
2021-03-27,Exclusive: Inside Look at Atlassian's Upcoming Technology!,722726
2019-12-29,Atlassian's CEO Reveals Future Plans for Initiative B!,18705
2023-11-12,Controversy: Atlassian Faces Backlash Over Issue C in Latest Technology!,443045
2020-11-07,Exclusive: Inside Look at Atlassian's Upcoming Software!,384353
2020-07-29,Controversy: Atlassian Faces Backlash Over Issue E in Latest Software!,522202
2020-01-26,Atlassian's CEO Reveals Future Plans for Initiative C!,500568
2023-03-12,Exclusive: Inside Look at Atlassian's Upcoming Product!,33614
2023-03-06,"Atlassian's Technology Sales Hit Record High, Surpassing 5 Billion Units!",988497
2020-12-20,Atlassian Patent Hints at Next-Gen Tech C for Upcoming Technology!,997876
2020-04-09,Atlassian Patent Hints at Next-Gen Tech A for Upcoming Technology!,972342
2023-01-19,Atlassian's CEO Reveals Future Plans for Initiative E!,312853
2020-07-09,Atlassian to Launch Product with Revolutionary Feature B!,915627
2022-05-07,Rumor: Atlassian's Next Hardware to Feature Innovation A Never Seen Before!,75471
2020-12-12,Controversy: Atlassian Faces Backlash Over Issue B in Latest Hardware!,926088
2020-10-08,Atlassian's CEO Reveals Future Plans for Initiative B!,949513
2022-07-11,Report: Atlassian to Enter Market C Market with Groundbreaking Product!,82212
2019-03-07,Atlassian's CEO Reveals Future Plans for Initiative C!,142713
2022-07-31,Exclusive: Inside Look at Atlassian's Upcoming Service!,143860
2021-07-01,"Atlassian's Software Sales Hit Record High, Surpassing 1 Billion Units!",429882
2022-01-18,Leaked: Atlassian's Secret Project Project Z Set to Change the Tech World!,346608
2022-09-29,Breaking: Atlassian Announces Major Breakthrough in Tech E!,516221
2020-06-14,Atlassian Patent Hints at Next-Gen Tech C for Upcoming Product!,875136
2020-06-06,Controversy: Atlassian Faces Backlash Over Issue A in Latest Service!,438169
2022-10-08,Report: Atlassian to Enter Market B Market with Groundbreaking Product!,670583
2023-10-15,Rumor: Atlassian's Next Hardware to Feature Innovation D Never Seen Before!,995204
2023-03-20,Breaking: Atlassian Announces Major Breakthrough in Tech C!,843909
2023-02-14,Rumor: Atlassian's Next Technology to Feature Innovation E Never Seen Before!,57923
2019-12-05,Controversy: Atlassian Faces Backlash Over Issue E in Latest Hardware!,807355
2023-09-16,Report: Atlassian to Enter Market A Market with Groundbreaking Product!,860469
2020-04-02,Controversy: Atlassian Faces Backlash Over Issue A in Latest Product!,389962
2023-08-22,"Atlassian's Product Sales Hit Record High, Surpassing 1 Million Units!",443599
2020-01-30,Atlassian to Launch Service with Revolutionary Feature A!,512746
2020-02-10,Leaked: Atlassian's Secret Project Project Y Set to Change the Tech World!,286458
2020-09-21,Leaked: Atlassian's Secret Project Project Beta Set to Change the Tech World!,827234
2020-11-30,Breaking: Atlassian Announces Major Breakthrough in Tech A!,669169
2023-07-22,Atlassian to Launch Product with Revolutionary Feature E!,867549
2023-08-13,Leaked: Atlassian's Secret Project Project Beta Set to Change the Tech World!,916379
2020-10-31,Leaked: Atlassian's Secret Project Project Alpha Set to Change the Tech World!,187470
2020-07-13,Breaking: Atlassian Announces Major Breakthrough in Tech A!,24948
2020-05-05,Leaked: Atlassian's Secret Project Project Z Set to Change the Tech World!,466221
2022-01-07,"Atlassian's Product Sales Hit Record High, Surpassing 5 Billion Units!",59530
2019-07-05,Controversy: Atlassian Faces Backlash Over Issue D in Latest Software!,927493
2020-07-29,"Atlassian's Service Sales Hit Record High, Surpassing 1 Billion Units!",78236
2023-03-03,Leaked: Atlassian's Secret Project Project Alpha Set to Change the Tech World!,896694
2022-06-14,Leaked: Atlassian's Secret Project Project Beta Set to Change the Tech World!,287210
2019-04-19,Exclusive: Inside Look at Atlassian's Upcoming Service!,833945
2021-02-18,Atlassian to Launch Hardware with Revolutionary Feature D!,297982
2022-12-07,Atlassian to Launch Technology with Revolutionary Feature E!,943848
2021-04-04,Rumor: Atlassian's Next Technology to Feature Innovation E Never Seen Before!,355063
2022-03-26,Report: Atlassian to Enter Market C Market with Groundbreaking Product!,900862
2021-01-31,Rumor: Atlassian's Next Service to Feature Innovation E Never Seen Before!,431905
2019-10-18,Leaked: Atlassian's Secret Project Project X Set to Change the Tech World!,394042
2019-04-03,Breaking: Atlassian Announces Major Breakthrough in Tech B!,315698
2023-10-11,Report: Atlassian to Enter Market A Market with Groundbreaking Product!,335322
2022-02-07,Report: Atlassian to Enter Market B Market with Groundbreaking Product!,380250
2020-06-10,Atlassian to Launch Technology with Revolutionary Feature E!,804173
2022-08-08,Breaking: Atlassian Announces Major Breakthrough in Tech D!,901756
2020-09-15,Atlassian to Launch Technology with Revolutionary Feature B!,44746
2019-07-06,Atlassian to Launch Product with Revolutionary Feature B!,330644
2020-04-01,Rumor: Atlassian's Next Product to Feature Innovation E Never Seen Before!,30450
2021-03-15,Breaking: Atlassian Announces Major Breakthrough in Tech A!,276780
2022-02-09,Exclusive: Inside Look at Atlassian's Upcoming Technology!,377128
2019-05-07,Breaking: Atlassian Announces Major Breakthrough in Tech A!,773899
2020-09-05,Report: Atlassian to Enter Market D Market with Groundbreaking Product!,411789
2022-03-06,Report: Atlassian to Enter Market C Market with Groundbreaking Product!,787340
2023-03-30,Exclusive: Inside Look at Atlassian's Upcoming Service!,202063
2022-02-06,Breaking: Atlassian Announces Major Breakthrough in Tech C!,91835
2021-03-20,Controversy: Atlassian Faces Backlash Over Issue E in Latest Software!,264130
2021-05-18,Exclusive: Inside Look at Atlassian's Upcoming Technology!,240281
2022-07-12,Exclusive: Inside Look at Atlassian's Upcoming Hardware!,288967
2019-03-06,Leaked: Atlassian's Secret Project Project Y Set to Change the Tech World!,163321
2019-08-23,Report: Atlassian to Enter Market E Market with Groundbreaking Product!,369677
2020-12-02,"Atlassian's Service Sales Hit Record High, Surpassing 1 Million Units!",827591
2023-05-05,Breaking: Atlassian Announces Major Breakthrough in Tech A!,477954
2023-04-19,"Atlassian's Software Sales Hit Record High, Surpassing 100 Million Units!",17542
2019-06-27,Rumor: Atlassian's Next Software to Feature Innovation A Never Seen Before!,230440
2021-05-13,Atlassian Patent Hints at Next-Gen Tech B for Upcoming Technology!,972296
2023-02-08,Leaked: Atlassian's Secret Project Project Z Set to Change the Tech World!,508970
2019-10-10,Controversy: Atlassian Faces Backlash Over Issue E in Latest Service!,401962
2023-01-07,Controversy: Atlassian Faces Backlash Over Issue B in Latest Technology!,391600
2020-07-23,Report: Atlassian to Enter Market D Market with Groundbreaking Product!,294559
2023-10-23,Controversy: Atlassian Faces Backlash Over Issue C in Latest Technology!,352499
2021-08-20,Atlassian Patent Hints at Next-Gen Tech B for Upcoming Hardware!,394515
2020-07-04,"Atlassian's Product Sales Hit Record High, Surpassing 100 Million Units!",272458
2023-05-14,Leaked: Atlassian's Secret Project Project Beta Set to Change the Tech World!,713431
2021-12-05,Exclusive: Inside Look at Atlassian's Upcoming Product!,21341
2021-04-29,Atlassian to Launch Software with Revolutionary Feature C!,874144
2022-11-23,Rumor: Atlassian's Next Software to Feature Innovation C Never Seen Before!,169860
2023-10-04,Rumor: Atlassian's Next Technology to Feature Innovation E Never Seen Before!,919565
2021-01-25,Atlassian's CEO Reveals Future Plans for Initiative D!,225582
2020-10-27,Breaking: Atlassian Announces Major Breakthrough in Tech B!,464769
2020-05-19,Atlassian's CEO Reveals Future Plans for Initiative B!,981104
2019-12-14,Exclusive: Inside Look at Atlassian's Upcoming Service!,932826
2023-04-21,Breaking: Atlassian Announces Major Breakthrough in Tech C!,94226
2023-02-14,Atlassian Patent Hints at Next-Gen Tech C for Upcoming Technology!,39425
2019-12-20,Atlassian's CEO Reveals Future Plans for Initiative A!,496795
2020-06-29,Rumor: Atlassian's Next Technology to Feature Innovation A Never Seen Before!,696726
2022-07-27,Atlassian to Launch Service with Revolutionary Feature D!,360094
2021-12-06,Leaked: Atlassian's Secret Project Project Z Set to Change the Tech World!,132182
2020-04-19,Report: Atlassian to Enter Market B Market with Groundbreaking Product!,880117
2022-08-19,Report: Atlassian to Enter Market C Market with Groundbreaking Product!,921443
2019-07-04,Atlassian's CEO Reveals Future Plans for Initiative B!,267341
2020-07-17,Rumor: Atlassian's Next Software to Feature Innovation D Never Seen Before!,993703
2021-03-19,Leaked: Atlassian's Secret Project Project Y Set to Change the Tech World!,208795
2020-06-28,Rumor: Atlassian's Next Software to Feature Innovation A Never Seen Before!,612965
2021-10-21,Leaked: Atlassian's Secret Project Project Beta Set to Change the Tech World!,939701
2020-04-16,Atlassian Patent Hints at Next-Gen Tech C for Upcoming Software!,290929
2021-05-04,Breaking: Atlassian Announces Major Breakthrough in Tech B!,127434
2021-08-19,Controversy: Atlassian Faces Backlash Over Issue E in Latest Service!,902106
2022-04-23,Atlassian Patent Hints at Next-Gen Tech B for Upcoming Software!,989548
2020-01-19,"Atlassian's Technology Sales Hit Record High, Surpassing 100 Million Units!",740854
2021-02-01,Controversy: Atlassian Faces Backlash Over Issue D in Latest Technology!,913317
2019-07-01,"Atlassian's Hardware Sales Hit Record High, Surpassing 1 Billion Units!",178905
2023-06-06,Atlassian's CEO Reveals Future Plans for Initiative A!,243240
2021-10-19,Rumor: Atlassian's Next Hardware to Feature Innovation E Never Seen Before!,948620
2021-03-01,Atlassian Patent Hints at Next-Gen Tech B for Upcoming Software!,705967
2023-05-13,Breaking: Atlassian Announces Major Breakthrough in Tech E!,231270
2023-06-11,Exclusive: Inside Look at Atlassian's Upcoming Product!,276132
2023-09-03,Rumor: Atlassian's Next Technology to Feature Innovation B Never Seen Before!,931875
2019-01-28,Atlassian Patent Hints at Next-Gen Tech D for Upcoming Hardware!,386273
2023-07-17,Exclusive: Inside Look at Atlassian's Upcoming Hardware!,577521
2022-03-21,Report: Atlassian to Enter Market B Market with Groundbreaking Product!,859807
2021-03-26,Leaked: Atlassian's Secret Project Project Alpha Set to Change the Tech World!,841548
2021-12-11,Atlassian Patent Hints at Next-Gen Tech A for Upcoming Hardware!,972131
2022-06-05,"Atlassian's Service Sales Hit Record High, Surpassing 100 Million Units!",783797
2023-08-13,Report: Atlassian to Enter Market D Market with Groundbreaking Product!,930622
2019-12-26,Rumor: Atlassian's Next Technology to Feature Innovation E Never Seen Before!,112642
2020-12-05,Exclusive: Inside Look at Atlassian's Upcoming Hardware!,78140
2021-05-28,Report: Atlassian to Enter Market E Market with Groundbreaking Product!,716929
2021-04-25,"Atlassian's Hardware Sales Hit Record High, Surpassing 10 Million Units!",87092
2022-10-18,Leaked: Atlassian's Secret Project Project Y Set to Change the Tech World!,26180
2021-08-14,Report: Atlassian to Enter Market C Market with Groundbreaking Product!,865483
2021-01-07,Breaking: Atlassian Announces Major Breakthrough in Tech D!,31718
2023-01-13,Atlassian's CEO Reveals Future Plans for Initiative A!,882014
2019-01-18,Atlassian's CEO Reveals Future Plans for Initiative C!,550402
2021-01-08,Breaking: Atlassian Announces Major Breakthrough in Tech B!,198473
2020-05-01,Report: Atlassian to Enter Market E Market with Groundbreaking Product!,955779
2021-04-30,"Atlassian's Software Sales Hit Record High, Surpassing 1 Million Units!",627145
2021-08-10,Leaked: Atlassian's Secret Project Project Z Set to Change the Tech World!,799923
2023-05-27,Exclusive: Inside Look at Atlassian's Upcoming Hardware!,805645
2019-09-13,Atlassian Patent Hints at Next-Gen Tech D for Upcoming Product!,600993
2020-02-24,Controversy: Atlassian Faces Backlash Over Issue B in Latest Software!,76800
2023-11-03,Leaked: Atlassian's Secret Project Project Alpha Set to Change the Tech World!,287755
2021-10-23,Atlassian to Launch Software with Revolutionary Feature E!,983478
2020-09-04,Rumor: Atlassian's Next Software to Feature Innovation C Never Seen Before!,940049
2020-08-19,Report: Atlassian to Enter Market A Market with Groundbreaking Product!,640350
2019-11-10,Atlassian to Launch Technology with Revolutionary Feature D!,382074
2020-03-28,Exclusive: Inside Look at Atlassian's Upcoming Software!,409794
2020-04-09,Controversy: Atlassian Faces Backlash Over Issue E in Latest Hardware!,329186
2022-12-14,Controversy: Atlassian Faces Backlash Over Issue E in Latest Software!,273208
2022-05-31,Breaking: Atlassian Announces Major Breakthrough in Tech D!,35688
2021-08-07,Exclusive: Inside Look at Atlassian's Upcoming Service!,388045
2019-08-16,Rumor: Atlassian's Next Software to Feature Innovation E Never Seen Before!,279048
2022-07-18,Breaking: Atlassian Announces Major Breakthrough in Tech D!,165877
2022-11-17,"Atlassian's Product Sales Hit Record High, Surpassing 1 Million Units!",513672
2020-03-31,Leaked: Atlassian's Secret Project Project Z Set to Change the Tech World!,13257
2021-01-15,Report: Atlassian to Enter Market B Market with Groundbreaking Product!,682111
2019-08-26,Exclusive: Inside Look at Atlassian's Upcoming Service!,75026
2021-09-19,Rumor: Atlassian's Next Product to Feature Innovation B Never Seen Before!,706309
2019-05-13,Controversy: Atlassian Faces Backlash Over Issue D in Latest Software!,343988
2021-10-04,Report: Atlassian to Enter Market D Market with Groundbreaking Product!,870214
2023-07-06,Breaking: Atlassian Announces Major Breakthrough in Tech A!,225311
2021-12-24,Rumor: Atlassian's Next Product to Feature Innovation E Never Seen Before!,751425
2022-12-12,Atlassian Patent Hints at Next-Gen Tech E for Upcoming Technology!,257471
2020-05-07,Exclusive: Inside Look at Atlassian's Upcoming Software!,949749
2023-03-18,Controversy: Atlassian Faces Backlash Over Issue C in Latest Technology!,874035
2023-02-19,Atlassian Patent Hints at Next-Gen Tech A for Upcoming Hardware!,593783
2022-08-10,Atlassian's CEO Reveals Future Plans for Initiative D!,568309
2020-06-20,Controversy: Atlassian Faces Backlash Over Issue C in Latest Service!,965273
2022-12-03,Atlassian Patent Hints at Next-Gen Tech C for Upcoming Software!,134706
2019-12-13,Exclusive: Inside Look at Atlassian's Upcoming Software!,303770
2021-04-08,Atlassian Patent Hints at Next-Gen Tech D for Upcoming Technology!,405136
2022-07-06,Breaking: Atlassian Announces Major Breakthrough in Tech C!,270363
2019-07-01,Atlassian's CEO Reveals Future Plans for Initiative A!,321628
2022-06-25,Atlassian to Launch Software with Revolutionary Feature B!,195312
2021-11-09,Breaking: Atlassian Announces Major Breakthrough in Tech B!,740770
2019-01-18,Rumor: Atlassian's Next Software to Feature Innovation D Never Seen Before!,517808
2022-04-25,Rumor: Atlassian's Next Service to Feature Innovation B Never Seen Before!,135632
2021-07-26,Atlassian Patent Hints at Next-Gen Tech E for Upcoming Hardware!,405113
2020-09-22,Breaking: Atlassian Announces Major Breakthrough in Tech E!,790409
2022-09-23,Breaking: Atlassian Announces Major Breakthrough in Tech D!,236527
2019-06-19,Report: Atlassian to Enter Market E Market with Groundbreaking Product!,769019
2023-12-17,Rumor: Atlassian's Next Technology to Feature Innovation D Never Seen Before!,570408
2019-10-20,Rumor: Atlassian's Next Product to Feature Innovation D Never Seen Before!,154498
2023-09-16,Leaked: Atlassian's Secret Project Project Y Set to Change the Tech World!,12933
2021-08-09,Report: Atlassian to Enter Market B Market with Groundbreaking Product!,622120
2019-08-12,"Atlassian's Service Sales Hit Record High, Surpassing 1 Billion Units!",696347
2019-11-30,Exclusive: Inside Look at Atlassian's Upcoming Software!,713694
2022-09-15,Exclusive: Inside Look at Atlassian's Upcoming Service!,280153
2019-04-15,Atlassian to Launch Software with Revolutionary Feature B!,628745
2020-11-12,Report: Atlassian to Enter Market B Market with Groundbreaking Product!,378367
2023-09-25,Breaking: Atlassian Announces Major Breakthrough in Tech C!,328384
2021-01-16,"Atlassian's Software Sales Hit Record High, Surpassing 1 Billion Units!",248934
2020-12-29,Exclusive: Inside Look at Atlassian's Upcoming Technology!,895945
2023-01-10,Exclusive: Inside Look at Atlassian's Upcoming Software!,770404
2020-09-10,Controversy: Atlassian Faces Backlash Over Issue A in Latest Technology!,315505
2022-07-11,Report: Atlassian to Enter Market A Market with Groundbreaking Product!,961796
2019-04-17,"Atlassian's Hardware Sales Hit Record High, Surpassing 5 Billion Units!",262665
2022-01-31,Atlassian Patent Hints at Next-Gen Tech D for Upcoming Product!,274687
2020-08-12,Breaking: Atlassian Announces Major Breakthrough in Tech E!,433335
2020-01-01,Controversy: Atlassian Faces Backlash Over Issue E in Latest Service!,961798
2020-09-07,Exclusive: Inside Look at Atlassian's Upcoming Product!,383406
2023-08-05,Atlassian to Launch Product with Revolutionary Feature B!,899350
2021-06-05,Atlassian's CEO Reveals Future Plans for Initiative A!,928261
2021-07-04,Atlassian to Launch Service with Revolutionary Feature B!,661521
2020-10-12,Rumor: Atlassian's Next Product to Feature Innovation A Never Seen Before!,815617
2022-11-24,Breaking: Atlassian Announces Major Breakthrough in Tech D!,787805
2021-10-09,Report: Atlassian to Enter Market D Market with Groundbreaking Product!,591536
2019-03-22,Rumor: Atlassian's Next Technology to Feature Innovation A Never Seen Before!,70898
2020-06-20,Atlassian's CEO Reveals Future Plans for Initiative B!,336895
2023-10-06,Exclusive: Inside Look at Atlassian's Upcoming Product!,68970
2020-04-11,Atlassian's CEO Reveals Future Plans for Initiative C!,970145
2020-02-06,Rumor: Atlassian's Next Product to Feature Innovation B Never Seen Before!,388527
2023-08-31,Rumor: Atlassian's Next Product to Feature Innovation B Never Seen Before!,197094
2020-03-06,Atlassian's CEO Reveals Future Plans for Initiative A!,387584
2019-06-21,Report: Atlassian to Enter Market E Market with Groundbreaking Product!,757902
2019-10-31,Controversy: Atlassian Faces Backlash Over Issue B in Latest Technology!,523427
2023-11-12,Controversy: Atlassian Faces Backlash Over Issue C in Latest Software!,442637
2020-04-17,"Atlassian's Product Sales Hit Record High, Surpassing 5 Billion Units!",607779
2023-05-16,Rumor: Atlassian's Next Service to Feature Innovation D Never Seen Before!,155861
2021-11-22,Atlassian Patent Hints at Next-Gen Tech D for Upcoming Product!,621877
2023-11-08,Atlassian's CEO Reveals Future Plans for Initiative C!,553829
2020-04-05,Atlassian Patent Hints at Next-Gen Tech D for Upcoming Technology!,183200
2019-10-06,Atlassian Patent Hints at Next-Gen Tech C for Upcoming Hardware!,790410
2020-07-19,Report: Atlassian to Enter Market C Market with Groundbreaking Product!,979702
2021-09-24,Report: Atlassian to Enter Market C Market with Groundbreaking Product!,58902
2023-02-06,Breaking: Atlassian Announces Major Breakthrough in Tech C!,787322
2023-07-22,Atlassian to Launch Product with Revolutionary Feature D!,389149
2020-12-15,Atlassian to Launch Hardware with Revolutionary Feature D!,171180
2022-06-15,Rumor: Atlassian's Next Product to Feature Innovation A Never Seen Before!,353556
2021-01-14,Rumor: Atlassian's Next Hardware to Feature Innovation D Never Seen Before!,217042
2021-07-08,Atlassian's CEO Reveals Future Plans for Initiative A!,128333
2023-05-08,Report: Atlassian to Enter Market D Market with Groundbreaking Product!,678933
2019-07-24,Rumor: Atlassian's Next Product to Feature Innovation B Never Seen Before!,364231
2021-01-28,Exclusive: Inside Look at Atlassian's Upcoming Product!,797195
2023-01-27,Atlassian to Launch Technology with Revolutionary Feature D!,613310
2019-03-29,Atlassian to Launch Technology with Revolutionary Feature D!,568653
2019-01-14,Exclusive: Inside Look at Atlassian's Upcoming Software!,966924
2020-05-05,"Atlassian's Technology Sales Hit Record High, Surpassing 10 Million Units!",952219
2023-02-03,Exclusive: Inside Look at Atlassian's Upcoming Service!,264613
2023-07-22,Controversy: Atlassian Faces Backlash Over Issue D in Latest Hardware!,597527
2021-04-20,Exclusive: Inside Look at Atlassian's Upcoming Software!,904991
2021-01-11,Atlassian Patent Hints at Next-Gen Tech D for Upcoming Technology!,870026
2019-06-18,Rumor: Atlassian's Next Software to Feature Innovation E Never Seen Before!,700819
2023-07-18,Rumor: Atlassian's Next Technology to Feature Innovation B Never Seen Before!,424559
2019-06-30,Atlassian's CEO Reveals Future Plans for Initiative C!,791972
2021-12-04,Atlassian to Launch Hardware with Revolutionary Feature B!,408264
2022-02-17,Atlassian's CEO Reveals Future Plans for Initiative C!,419330
2022-03-14,Exclusive: Inside Look at Atlassian's Upcoming Technology!,107294
2019-03-18,Atlassian Patent Hints at Next-Gen Tech B for Upcoming Product!,586259
2019-09-20,Exclusive: Inside Look at Atlassian's Upcoming Service!,502023
2023-09-29,Breaking: Atlassian Announces Major Breakthrough in Tech D!,495400
2019-11-29,Rumor: Atlassian's Next Technology to Feature Innovation E Never Seen Before!,592114
2019-03-10,Rumor: Atlassian's Next Service to Feature Innovation A Never Seen Before!,177560
2020-11-10,Atlassian Patent Hints at Next-Gen Tech C for Upcoming Product!,980234
2021-09-24,Report: Atlassian to Enter Market B Market with Groundbreaking Product!,485707
2019-10-20,"Atlassian's Service Sales Hit Record High, Surpassing 1 Million Units!",485131
2019-01-03,Controversy: Atlassian Faces Backlash Over Issue A in Latest Service!,158187
2019-02-20,Exclusive: Inside Look at Atlassian's Upcoming Technology!,982953
2019-02-23,Leaked: Atlassian's Secret Project Project X Set to Change the Tech World!,152384
2020-07-03,Atlassian's CEO Reveals Future Plans for Initiative B!,984238
2021-01-30,Atlassian to Launch Software with Revolutionary Feature B!,419487
2021-05-25,Exclusive: Inside Look at Atlassian's Upcoming Product!,651226
2021-12-14,Atlassian to Launch Technology with Revolutionary Feature B!,769966
2022-12-20,Atlassian Patent Hints at Next-Gen Tech E for Upcoming Product!,571242
2022-05-27,Leaked: Atlassian's Secret Project Project Y Set to Change the Tech World!,360049
2020-12-15,"Atlassian's Service Sales Hit Record High, Surpassing 100 Million Units!",948657
2022-05-06,Atlassian Patent Hints at Next-Gen Tech B for Upcoming Technology!,484556
2022-05-25,Exclusive: Inside Look at Atlassian's Upcoming Product!,799736
2023-06-25,Exclusive: Inside Look at Atlassian's Upcoming Product!,275005
2021-02-12,Atlassian to Launch Service with Revolutionary Feature D!,456012
2021-03-07,Leaked: Atlassian's Secret Project Project Alpha Set to Change the Tech World!,489178
2021-03-15,Atlassian Patent Hints at Next-Gen Tech E for Upcoming Product!,845799
2022-04-21,Atlassian Patent Hints at Next-Gen Tech D for Upcoming Technology!,579411
2022-05-25,Atlassian to Launch Product with Revolutionary Feature E!,510897
2021-04-02,Exclusive: Inside Look at Atlassian's Upcoming Service!,43149
2021-03-17,Atlassian to Launch Product with Revolutionary Feature B!,683822
2020-08-31,Report: Atlassian to Enter Market D Market with Groundbreaking Product!,995701
